-- MariaDB dump 10.18  Distrib 10.4.17-MariaDB, for Win64 (AMD64)
--
-- Host: localhost    Database: thesis
-- ------------------------------------------------------
-- Server version	10.4.10-MariaDB

/*!40101 SET @OLD_CHARACTER_SET_CLIENT=@@CHARACTER_SET_CLIENT */;
/*!40101 SET @OLD_CHARACTER_SET_RESULTS=@@CHARACTER_SET_RESULTS */;
/*!40101 SET @OLD_COLLATION_CONNECTION=@@COLLATION_CONNECTION */;
/*!40101 SET NAMES utf8mb4 */;
/*!40103 SET @OLD_TIME_ZONE=@@TIME_ZONE */;
/*!40103 SET TIME_ZONE='+00:00' */;
/*!40014 SET @OLD_UNIQUE_CHECKS=@@UNIQUE_CHECKS, UNIQUE_CHECKS=0 */;
/*!40014 SET @OLD_FOREIGN_KEY_CHECKS=@@FOREIGN_KEY_CHECKS, FOREIGN_KEY_CHECKS=0 */;
/*!40101 SET @OLD_SQL_MODE=@@SQL_MODE, SQL_MODE='NO_AUTO_VALUE_ON_ZERO' */;
/*!40111 SET @OLD_SQL_NOTES=@@SQL_NOTES, SQL_NOTES=0 */;

--
-- Table structure for table `academic_year`
--

DROP TABLE IF EXISTS `academic_year`;
/*!40101 SET @saved_cs_client     = @@character_set_client */;
/*!40101 SET character_set_client = utf8 */;
CREATE TABLE `academic_year` (
  `id` int(11) NOT NULL AUTO_INCREMENT,
  `year_name` varchar(30) NOT NULL,
  PRIMARY KEY (`id`),
  UNIQUE KEY `year_name` (`year_name`)
) ENGINE=InnoDB AUTO_INCREMENT=23 DEFAULT CHARSET=utf8mb4;
/*!40101 SET character_set_client = @saved_cs_client */;

--
-- Dumping data for table `academic_year`
--

LOCK TABLES `academic_year` WRITE;
/*!40000 ALTER TABLE `academic_year` DISABLE KEYS */;
INSERT INTO `academic_year` VALUES (1,'2010-01-01'),(2,'2011-01-30'),(3,'2012-04-25'),(4,'2013-12-01'),(5,'2014-01-01'),(6,'2015-01-01'),(7,'2016-01-01'),(8,'2017-01-01'),(9,'2018-01-01'),(10,'2019-01-01'),(11,'2020-01-01'),(12,'2021-01-01'),(13,'2022-01-01'),(14,'2023-01-01'),(15,'2024-01-01'),(16,'2025-01-01'),(17,'2026-01-01'),(18,'2027-01-01'),(19,'2028-01-01'),(20,'2029-01-01'),(22,'2030-01-01');
/*!40000 ALTER TABLE `academic_year` ENABLE KEYS */;
UNLOCK TABLES;

--
-- Table structure for table `adminlastloggedin`
--

DROP TABLE IF EXISTS `adminlastloggedin`;
/*!40101 SET @saved_cs_client     = @@character_set_client */;
/*!40101 SET character_set_client = utf8 */;
CREATE TABLE `adminlastloggedin` (
  `id` int(10) unsigned NOT NULL AUTO_INCREMENT,
  `loggedintime` timestamp NOT NULL DEFAULT current_timestamp(),
  `admin_nim` bigint(20) DEFAULT NULL,
  PRIMARY KEY (`id`),
  KEY `admin_nim` (`admin_nim`),
  CONSTRAINT `adminlastloggedin_ibfk_2` FOREIGN KEY (`admin_nim`) REFERENCES `login` (`admin_nim`)
) ENGINE=InnoDB AUTO_INCREMENT=3 DEFAULT CHARSET=latin1;
/*!40101 SET character_set_client = @saved_cs_client */;

--
-- Dumping data for table `adminlastloggedin`
--

LOCK TABLES `adminlastloggedin` WRITE;
/*!40000 ALTER TABLE `adminlastloggedin` DISABLE KEYS */;
INSERT INTO `adminlastloggedin` VALUES (1,'2020-11-26 02:06:07',11160930000120),(2,'2020-12-13 13:02:16',11160930000192);
/*!40000 ALTER TABLE `adminlastloggedin` ENABLE KEYS */;
UNLOCK TABLES;

--
-- Table structure for table `agency`
--

DROP TABLE IF EXISTS `agency`;
/*!40101 SET @saved_cs_client     = @@character_set_client */;
/*!40101 SET character_set_client = utf8 */;
CREATE TABLE `agency` (
  `id` int(10) unsigned NOT NULL AUTO_INCREMENT,
  `agencytitle` varchar(50) NOT NULL DEFAULT 'No title found',
  `student_id` bigint(20) NOT NULL,
  `agencydescription` text NOT NULL DEFAULT 'No Description added',
  `duration` char(5) NOT NULL DEFAULT 'N',
  `start_time` varchar(40) NOT NULL,
  `end_time` varchar(40) NOT NULL,
  `lettertype` varchar(20) NOT NULL DEFAULT 'none',
  PRIMARY KEY (`id`),
  KEY `student_id` (`student_id`),
  CONSTRAINT `agency_ibfk_1` FOREIGN KEY (`student_id`) REFERENCES `student` (`nim`) ON DELETE CASCADE
) ENGINE=InnoDB AUTO_INCREMENT=84 DEFAULT CHARSET=utf8mb4;
/*!40101 SET character_set_client = @saved_cs_client */;

--
-- Dumping data for table `agency`
--

LOCK TABLES `agency` WRITE;
/*!40000 ALTER TABLE `agency` DISABLE KEYS */;
INSERT INTO `agency` VALUES (82,'Computer Science and Engineering',83789553791438,'Networking with one\'s fellow scientists and engineers is extremely important for personal and professional development.  Professional societies sponsor conferences, publish journals, and serve as reviewers or editors.  They set professional and educational standards and provide job and career services for their members.','1','03/01/2021','03/31/2021','Electronic');
/*!40000 ALTER TABLE `agency` ENABLE KEYS */;
UNLOCK TABLES;

--
-- Table structure for table `all_subjects`
--

DROP TABLE IF EXISTS `all_subjects`;
/*!40101 SET @saved_cs_client     = @@character_set_client */;
/*!40101 SET character_set_client = utf8 */;
CREATE TABLE `all_subjects` (
  `all_subjectname` varchar(70) NOT NULL,
  `all_subjectid` int(10) unsigned NOT NULL AUTO_INCREMENT,
  PRIMARY KEY (`all_subjectid`)
) ENGINE=InnoDB AUTO_INCREMENT=38 DEFAULT CHARSET=utf8mb4;
/*!40101 SET character_set_client = @saved_cs_client */;

--
-- Dumping data for table `all_subjects`
--

LOCK TABLES `all_subjects` WRITE;
/*!40000 ALTER TABLE `all_subjects` DISABLE KEYS */;
INSERT INTO `all_subjects` VALUES ('Anthropology\r',1),('Archaeology\r',2),('Area Studies\r',3),('Cultural and Ethnic Studies\r',4),('Economics\r',5),('Gender and Sexuality Studies\r',6),('Geography\r',7),('Political Science\r',8),('Psychology\r',9),('Sociology\r',10),('Chemistry\r',11),('Earth Sciences\r',12),('Life Sciences\r',13),('Physics\r',14),('Space Sciences\r',15),('Computer Sciences\r',16),('Logic\r',17),('Mathematics\r',18),('Statistics\r',19),('Systems Science\r',20),('Agriculture\r',21),('Architecture and Design\r',22),('Business\r',23),('Divinity\r',24),('Education\r',25),('Engineering\r',26),('Environmental Studies and Forestry\r',27),('Family and Consumer Science\r',28),('Health Sciences\r',29),('Human Physical Performance and Recreation*\r',30),('Journalism, Media Studies and Communication\r',31),('Law\r',32),('Library and Museum Studies\r',33),('Military Sciences\r',34),('Public Administration\r',35),('Social Work\r',36),('Transportation',37);
/*!40000 ALTER TABLE `all_subjects` ENABLE KEYS */;
UNLOCK TABLES;

--
-- Table structure for table `certificate`
--

DROP TABLE IF EXISTS `certificate`;
/*!40101 SET @saved_cs_client     = @@character_set_client */;
/*!40101 SET character_set_client = utf8 */;
CREATE TABLE `certificate` (
  `id` int(11) NOT NULL AUTO_INCREMENT,
  `certificate_name` varchar(100) NOT NULL,
  `certificate_desc` text DEFAULT NULL,
  `student_id` bigint(20) NOT NULL,
  `event_id` int(11) NOT NULL,
  `courses_id` int(10) unsigned NOT NULL,
  PRIMARY KEY (`id`),
  KEY `student_id` (`student_id`),
  KEY `event_id` (`event_id`),
  KEY `courses_id` (`courses_id`),
  CONSTRAINT `certificate_ibfk_1` FOREIGN KEY (`student_id`) REFERENCES `student` (`nim`) ON DELETE CASCADE,
  CONSTRAINT `certificate_ibfk_2` FOREIGN KEY (`event_id`) REFERENCES `event` (`id`) ON DELETE CASCADE,
  CONSTRAINT `certificate_ibfk_3` FOREIGN KEY (`courses_id`) REFERENCES `courses` (`id`) ON DELETE CASCADE
) ENGINE=InnoDB AUTO_INCREMENT=6 DEFAULT CHARSET=utf8mb4;
/*!40101 SET character_set_client = @saved_cs_client */;

--
-- Dumping data for table `certificate`
--

LOCK TABLES `certificate` WRITE;
/*!40000 ALTER TABLE `certificate` DISABLE KEYS */;
INSERT INTO `certificate` VALUES (5,'Bruno Abbott','Ut fuga Qui duis vo',65384502317782,19,97);
/*!40000 ALTER TABLE `certificate` ENABLE KEYS */;
UNLOCK TABLES;

--
-- Table structure for table `class_grade_student`
--

DROP TABLE IF EXISTS `class_grade_student`;
/*!40101 SET @saved_cs_client     = @@character_set_client */;
/*!40101 SET character_set_client = utf8 */;
CREATE TABLE `class_grade_student` (
  `student_class_id` int(11) NOT NULL AUTO_INCREMENT,
  `class_grade` int(11) NOT NULL,
  PRIMARY KEY (`student_class_id`),
  UNIQUE KEY `class_grade` (`class_grade`)
) ENGINE=InnoDB AUTO_INCREMENT=13 DEFAULT CHARSET=utf8mb4;
/*!40101 SET character_set_client = @saved_cs_client */;

--
-- Dumping data for table `class_grade_student`
--

LOCK TABLES `class_grade_student` WRITE;
/*!40000 ALTER TABLE `class_grade_student` DISABLE KEYS */;
INSERT INTO `class_grade_student` VALUES (1,1),(2,2),(3,3),(4,4),(5,5),(6,6),(7,7),(8,8),(9,9),(10,10),(11,11),(12,12);
/*!40000 ALTER TABLE `class_grade_student` ENABLE KEYS */;
UNLOCK TABLES;

--
-- Table structure for table `classes`
--

DROP TABLE IF EXISTS `classes`;
/*!40101 SET @saved_cs_client     = @@character_set_client */;
/*!40101 SET character_set_client = utf8 */;
CREATE TABLE `classes` (
  `id` int(10) unsigned NOT NULL AUTO_INCREMENT,
  `class_grade` int(11) NOT NULL,
  `class_code` int(11) NOT NULL,
  `class_name` varchar(30) NOT NULL,
  `days` varchar(30) NOT NULL,
  `year_name` varchar(30) DEFAULT NULL,
  `end_time` varchar(30) DEFAULT NULL,
  `subjectid` int(11) NOT NULL,
  `teacherid` bigint(20) NOT NULL,
  `nim` bigint(20) NOT NULL,
  PRIMARY KEY (`id`),
  UNIQUE KEY `class_code` (`class_code`),
  KEY `classes_ibfk_1` (`subjectid`),
  KEY `classes_ibfk_2` (`teacherid`),
  KEY `classes_ibfk_3` (`nim`),
  KEY `class_grade` (`class_grade`),
  KEY `start_time` (`year_name`),
  CONSTRAINT `classes_ibfk_1` FOREIGN KEY (`subjectid`) REFERENCES `subjects` (`subjectid`),
  CONSTRAINT `classes_ibfk_2` FOREIGN KEY (`teacherid`) REFERENCES `teacher` (`teacherid`),
  CONSTRAINT `classes_ibfk_4` FOREIGN KEY (`class_grade`) REFERENCES `class_grade_student` (`class_grade`),
  CONSTRAINT `classes_ibfk_5` FOREIGN KEY (`year_name`) REFERENCES `academic_year` (`year_name`),
  CONSTRAINT `classes_ibfk_6` FOREIGN KEY (`nim`) REFERENCES `student` (`nim`) ON DELETE CASCADE ON UPDATE CASCADE
) ENGINE=InnoDB AUTO_INCREMENT=64 DEFAULT CHARSET=utf8mb4;
/*!40101 SET character_set_client = @saved_cs_client */;

--
-- Dumping data for table `classes`
--

LOCK TABLES `classes` WRITE;
/*!40000 ALTER TABLE `classes` DISABLE KEYS */;
INSERT INTO `classes` VALUES (2,1,42485,'56XR','Moday','2010-01-01','2020-06-30 20:25:00',89124,43632372818789,83789553791438),(3,1,95819,'WRTJ','Moday','2010-01-01','2020-06-30 20:40:00',23412,43632372818789,99325320048831),(4,2,60908,'FHIB','Moday','2010-01-01','2020-06-30 20:42:00',23412,43632372818789,83789553791438),(5,1,41603,'WSD9','Moday','2011-01-30 ','2020-06-30 20:58:00',35216,43632372818789,83789553791438),(6,1,4635,'LA5G','Moday','2011-01-30','2020-06-25 21:02:00',54566,43632372818789,83789553791438),(7,2,88533,'JX57','Tuesday','2011-01-30','2020-06-06 21:04:00',30183,43632372818789,17034213768553),(8,5,10964,'B4YU','Moday','2010-01-01','2020-06-30 21:24:00',11511,43632372818789,17034213768553),(9,3,28822,'PLCE','Moday','2010-01-01','2020-09-16 22:40:00',26156,17352183302292,83789553791438),(11,2,21309,'OMFJ','Wednesday','2010-01-01','2020-09-10 22:43:00',23412,18154898755021,83789553791438),(16,3,40302,'EA13','tuesday','2020-01-01','02:00 AM',9314,42030737204174,83789553791438),(45,3,14104,'Y2PK','wednesday','2020-01-01','01:30 AM',9314,28152121636563,83789553791438),(58,4,40423,'DXKA','monday','2021-01-01','12:00 AM',72186,56871005568266,83789553791438),(59,4,13124,'ODW1','tuesday','2021-01-01','02:30 AM',54566,28152121636563,83789553791438),(61,4,30004,'23QF','thursay','2021-01-01','10:30 PM',30183,31084335760364,83789553791438),(62,3,21244,'8HEK','sunday','2020-01-01','01:30 AM',11511,18154898755021,83789553791438),(63,2,43322,'AHF2','friday','2020-01-01','02:00 AM',9298,38635016401032,83789553791438);
/*!40000 ALTER TABLE `classes` ENABLE KEYS */;
UNLOCK TABLES;

--
-- Table structure for table `courses`
--

DROP TABLE IF EXISTS `courses`;
/*!40101 SET @saved_cs_client     = @@character_set_client */;
/*!40101 SET character_set_client = utf8 */;
CREATE TABLE `courses` (
  `id` int(10) unsigned NOT NULL AUTO_INCREMENT,
  `user_id` bigint(20) NOT NULL,
  `title` varchar(50) NOT NULL,
  `price` float NOT NULL,
  `description` text DEFAULT NULL,
  `created_at` timestamp NOT NULL DEFAULT current_timestamp(),
  `thubnial` blob DEFAULT NULL,
  PRIMARY KEY (`id`),
  KEY `user_id` (`user_id`),
  CONSTRAINT `courses_ibfk_1` FOREIGN KEY (`user_id`) REFERENCES `login` (`admin_nim`) ON DELETE CASCADE
) ENGINE=InnoDB AUTO_INCREMENT=107 DEFAULT CHARSET=utf8mb4;
/*!40101 SET character_set_client = @saved_cs_client */;

--
-- Dumping data for table `courses`
--

LOCK TABLES `courses` WRITE;
/*!40000 ALTER TABLE `courses` DISABLE KEYS */;
INSERT INTO `courses` VALUES (97,11160930000120,'Adipisci rerum maior',399,'Et in non velit inci','2021-04-18 13:55:19','../../public/courseThubnail/Adipisci rerum maior_1618754119.jpg'),(98,11160930000120,'Sint a voluptatem ut',46,'Officia deserunt omn','2021-04-18 13:58:37','../../public/courseThubnail/Sint a voluptatem ut_1618754317.jpg'),(100,11160930000120,'Consectetur quisqua',10,'Lorem Ipsum is simply dummy text of the printing and typesetting industry. Lorem Ipsum has been the industry\'s standard dummy text ever since the 1500s, when an unknown printer took a galley of type and scrambled it to make a type specimen book. It has survived not only five centuries, but also the leap into electronic typesetting, remaining essentially unchanged. It was popularised in the 1960s with the release of Letraset sheets containing Lorem Ipsum passages, and more recently with desktop publishing software like Aldus PageMaker including versions of Lorem Ipsum.\r\n\r\n','2021-04-19 14:39:07','../../public/courseThubnail/Consectetur quisqua_1618843147.png'),(101,11160930000120,'Voluptatem Tempora',15,'It is a long established fact that a reader will be distracted by the readable content of a page when looking at its layout. The point of using Lorem Ipsum is that it has a more-or-less normal distribution of letters, as opposed to using \'Content here, content here\', making it look like readable English. Many desktop publishing packages and web page editors now use Lorem Ipsum as their default model text, and a search for \'lorem ipsum\' will uncover many web sites still in their infancy. Various versions have evolved over the years, sometimes by accident, sometimes on purpose (injected humour and the like).\r\n\r\n','2021-04-19 14:39:28','../../public/courseThubnail/Voluptatem Tempora_1618843168.jpg'),(102,11160930000120,'Nesciunt sint magna',667,'Esse molestiae illo ','2021-04-22 02:04:01','../../public/courseThubnail/Nesciunt sint magna_1619057041.jpg'),(103,11160930000120,'Labore dolorem disti',64,'Sequi aut libero vol','2021-04-22 02:04:35','../../public/courseThubnail/Labore dolorem disti_1619057074.jpg'),(104,11160930000120,'Corrupti ea qui qui',579,'Labore perspiciatis','2021-04-22 02:04:42','../../public/courseThubnail/Corrupti ea qui qui_1619057081.png'),(105,11160930000120,'Est laboris facilis',827,'Tempore illum offi','2021-04-22 02:04:49','../../public/courseThubnail/Est laboris facilis_1619057089.jpg'),(106,11160930000120,'Voluptatem eum do o',1,'Omnis quo dicta ad v','2021-04-22 02:04:57','../../public/courseThubnail/Voluptatem eum do o_1619057097.jpg');
/*!40000 ALTER TABLE `courses` ENABLE KEYS */;
UNLOCK TABLES;

--
-- Table structure for table `eletter`
--

DROP TABLE IF EXISTS `eletter`;
/*!40101 SET @saved_cs_client     = @@character_set_client */;
/*!40101 SET character_set_client = utf8 */;
CREATE TABLE `eletter` (
  `id` int(10) unsigned NOT NULL AUTO_INCREMENT,
  `letters` varchar(250) DEFAULT NULL,
  PRIMARY KEY (`id`)
) ENGINE=InnoDB AUTO_INCREMENT=30 DEFAULT CHARSET=utf8mb4;
/*!40101 SET character_set_client = @saved_cs_client */;

--
--
-- Table structure for table `enroll`
--

DROP TABLE IF EXISTS `enroll`;
/*!40101 SET @saved_cs_client     = @@character_set_client */;
/*!40101 SET character_set_client = utf8 */;
CREATE TABLE `enroll` (
  `enrollid` int(11) NOT NULL AUTO_INCREMENT,
  `course_id` int(10) unsigned NOT NULL,
  `guest_apply_id` bigint(20) NOT NULL,
  PRIMARY KEY (`enrollid`)
) ENGINE=InnoDB DEFAULT CHARSET=utf8mb4;
/*!40101 SET character_set_client = @saved_cs_client */;

--
-- Dumping data for table `enroll`
--

LOCK TABLES `enroll` WRITE;
/*!40000 ALTER TABLE `enroll` DISABLE KEYS */;
/*!40000 ALTER TABLE `enroll` ENABLE KEYS */;
UNLOCK TABLES;

--
-- Table structure for table `event`
--

DROP TABLE IF EXISTS `event`;
/*!40101 SET @saved_cs_client     = @@character_set_client */;
/*!40101 SET character_set_client = utf8 */;
CREATE TABLE `event` (
  `id` int(11) NOT NULL AUTO_INCREMENT,
  `title` varchar(50) NOT NULL,
  `description` text DEFAULT NULL,
  `speaker` varchar(100) NOT NULL,
  `location` text DEFAULT NULL,
  `start_time` varchar(80) DEFAULT current_timestamp(),
  `start_end` varchar(80) DEFAULT current_timestamp(),
  `created_at` timestamp NOT NULL DEFAULT current_timestamp(),
  PRIMARY KEY (`id`)
) ENGINE=InnoDB AUTO_INCREMENT=33 DEFAULT CHARSET=utf8mb4;
/*!40101 SET character_set_client = @saved_cs_client */;

--
-- Dumping data for table `event`
--

LOCK TABLES `event` WRITE;
/*!40000 ALTER TABLE `event` DISABLE KEYS */;
INSERT INTO `event` VALUES (7,'New Title','This is a new title','Title','FIRST LOCATION','04/09/2021 7:20 AM','04/09/2021 7:20 AM','2021-04-09 12:25:01'),(8,'Sed qui obcaecati re','Id amet vel cupidit','Deserunt qui dolore','Dolorem nobis ipsum','04/01/2021 10:33 AM','04/03/2021 10:33 AM','2021-04-09 12:25:01'),(16,'aaa','update','aaa',NULL,'04/04/2021 12:47 AM','04/04/2021 2:52 AM','2021-04-09 12:25:01'),(17,'Et quis nihil exerci','Quia aut itaque aper','Facere et beatae rem','','04/09/2021 6:36 AM','04/24/2021 6:36 AM','2021-04-09 12:25:01'),(18,'Iste ad similique ex','Cumque soluta adipis','Distinctio Sunt co','','04/09/2021 6:37 AM','04/09/2021 6:37 AM','2021-04-09 12:25:01'),(19,'Ipsum minus distinc','Nihil recusandae Eu','Vero consequatur Ip','','04/06/2021 6:39 AM','04/06/2021 6:39 AM','2021-04-09 12:25:01'),(21,'Alias id ipsum comm','Aliqua Cupidatat vo','Laborum In voluptat','Qui vel dolore proid','04/09/2021 7:27 AM','04/09/2021 7:28 AM','2021-04-09 12:28:08'),(22,'show be on the top','Doloremque ipsum en','Quia debitis rem eos','Nulla beatae quasi u','04/22/2021 7:28 AM','04/30/2021 7:28 AM','2021-04-09 12:28:42'),(23,'Praesentium perspici update new','Non blanditiis est t','Sit eum deserunt eli','Consectetur facere','04/17/2021 7:39 AM','04/24/2021 7:39 AM','2021-04-09 12:39:35'),(24,'Adipisicing molestia','Vitae consequatur ve','Quasi voluptatem et','Ipsum et et praesen','04/03/2021 7:32 AM','04/22/2021 7:32 AM','2021-04-11 12:32:54'),(26,'Sint numquam dolorem','Velit illo enim aute 123','Culpa occaecat exce123','Adipisicing sunt inc','04/11/2021 2:35 PM','04/11/2021 2:35 PM','2021-04-11 19:36:04'),(27,'Doloribus do delectu','Ipsam voluptates ut','Dolores excepteur en','Excepturi officia in','04/12/2021 2:37 AM','04/12/2021 2:37 AM','2021-04-12 07:37:33'),(28,'Esse vitae  5','Sequi maiores autem','Nulla mollit occaeca','Accusamus reprehende','04/12/2021 2:53 AM','04/12/2021 2:53 AM','2021-04-12 07:53:07'),(29,'Nisi quibusdam eum c','In porro nihil omnis','Dolorem quo cupidita','Atque ut ut nihil co','04/21/2021 3:05 AM','04/12/2021 3:05 AM','2021-04-12 08:05:37'),(30,'Quidem enim omnis id button','Tempore dolore est','Commodi proident so','Sed animi voluptate','04/12/2021 3:11 AM','04/12/2021 3:11 AM','2021-04-12 08:11:58'),(32,'Error qui in et repu','Duis quos natus elit','Est consequuntur min','Harum sint dolorem e','04/16/2021 3:32 AM','04/07/2021 3:32 AM','2021-04-12 08:32:12');
/*!40000 ALTER TABLE `event` ENABLE KEYS */;
UNLOCK TABLES;

--
-- Table structure for table `family`
--

DROP TABLE IF EXISTS `family`;
/*!40101 SET @saved_cs_client     = @@character_set_client */;
/*!40101 SET character_set_client = utf8 */;
CREATE TABLE `family` (
  `family_id` int(10) unsigned NOT NULL AUTO_INCREMENT,
  `nim` bigint(20) NOT NULL,
  `familyname` varchar(30) DEFAULT NULL,
  `familyjob` varchar(30) DEFAULT NULL,
  `familyincome` varchar(30) DEFAULT NULL,
  PRIMARY KEY (`family_id`),
  KEY `nim` (`nim`),
  CONSTRAINT `family_ibfk_1` FOREIGN KEY (`nim`) REFERENCES `student` (`nim`) ON DELETE CASCADE ON UPDATE CASCADE
) ENGINE=InnoDB AUTO_INCREMENT=55 DEFAULT CHARSET=utf8mb4;
/*!40101 SET character_set_client = @saved_cs_client */;

--
-- Dumping data for table `family`
--

LOCK TABLES `family` WRITE;
/*!40000 ALTER TABLE `family` DISABLE KEYS */;
INSERT INTO `family` VALUES (5,47228610344222,'Asdf',NULL,NULL),(6,83789553791438,'Asdf',NULL,NULL),(8,47228610344221,'Asdf',NULL,NULL),(10,47228610344266,'Asdf',NULL,NULL),(11,16747873726784,'aaa',NULL,NULL),(12,16747873726784,'aaa',NULL,NULL),(13,99325320048831,'Emma',NULL,NULL),(14,18793286422779,'Olivia',NULL,NULL),(15,17034213768553,'Charlotte',NULL,NULL),(16,54141807378939,'Parker',NULL,NULL),(17,62960424079990,'Gavin',NULL,NULL),(18,62498751658254,'Kayden',NULL,NULL),(19,65384502317782,'Asdf',NULL,NULL),(20,12926861659608,'aa',NULL,NULL),(21,84614188815285,'Mike',NULL,NULL),(22,19654297179939,'asdf',NULL,NULL),(23,13124286433889,'codeigniter',NULL,NULL),(24,15643314587511,'codeigniter',NULL,NULL),(25,32452345234521,'codeigniter',NULL,NULL),(26,16469843373399,'codeigniter',NULL,NULL),(27,13712226564318,'asdfasd',NULL,NULL),(28,18565196249818,'Jordan',NULL,NULL),(29,12367227813729,'asdfasd',NULL,NULL),(30,18933889855648,'Dominic',NULL,NULL),(31,11446431127385,'Austin',NULL,NULL),(32,18224933851118,'Ian',NULL,NULL),(33,27054705240581,'test',NULL,NULL),(34,15756282592211,'INSERT',NULL,NULL),(35,63051738704130,'asdfasdf',NULL,NULL),(36,58517486632460,'asdfasdf',NULL,NULL),(37,58574236318147,'sdfasdfas',NULL,NULL),(38,14604327012522,'asdfasdf',NULL,NULL),(39,42773036300353,'adsfasdf',NULL,NULL),(40,20584232423423,'asdfasdf',NULL,NULL),(41,82487346006071,'asdfasdf',NULL,NULL),(42,84574802185024,'Asdfa',NULL,NULL),(43,87206712581231,'Asdf',NULL,NULL),(44,98720671258123,'Asdf',NULL,NULL),(45,98720671258111,'ddddddd',NULL,NULL),(46,16328062132605,'Asdfas',NULL,NULL),(47,26242752772112,'Adf',NULL,NULL),(48,73477631735544,'Asdfasdf',NULL,NULL),(49,47228610344232,'Asdf',NULL,NULL),(50,47228610344111,'Asdf',NULL,NULL),(51,47228610344222,'Asdf',NULL,NULL),(52,47228610344221,'Asdf',NULL,NULL),(53,47228610344229,'Asdf',NULL,NULL),(54,47228610344266,'Asdf',NULL,NULL);
/*!40000 ALTER TABLE `family` ENABLE KEYS */;
UNLOCK TABLES;
ALTER DATABASE `thesis` CHARACTER SET latin1 COLLATE latin1_swedish_ci ;
/*!50003 SET @saved_cs_client      = @@character_set_client */ ;
/*!50003 SET @saved_cs_results     = @@character_set_results */ ;
/*!50003 SET @saved_col_connection = @@collation_connection */ ;
/*!50003 SET character_set_client  = cp850 */ ;
/*!50003 SET character_set_results = cp850 */ ;
/*!50003 SET collation_connection  = cp850_general_ci */ ;
/*!50003 SET @saved_sql_mode       = @@sql_mode */ ;
/*!50003 SET sql_mode              = 'STRICT_TRANS_TABLES,ERROR_FOR_DIVISION_BY_ZERO,NO_AUTO_CREATE_USER,NO_ENGINE_SUBSTITUTION' */ ;
DELIMITER ;;
/*!50003 CREATE*/ /*!50017 DEFINER=`admin`@`localhost`*/ /*!50003 TRIGGER insert_parent_name 

     AFTER INSERT ON family

     FOR EACH ROW 

     BEGIN 

     INSERT INTO parent(nim, family_id ) VALUES (new.nim, new.family_id);

     END */;;
DELIMITER ;
/*!50003 SET sql_mode              = @saved_sql_mode */ ;
/*!50003 SET character_set_client  = @saved_cs_client */ ;
/*!50003 SET character_set_results = @saved_cs_results */ ;
/*!50003 SET collation_connection  = @saved_col_connection */ ;
ALTER DATABASE `thesis` CHARACTER SET utf8mb4 COLLATE utf8mb4_general_ci ;

--
-- Table structure for table `files`
--

DROP TABLE IF EXISTS `files`;
/*!40101 SET @saved_cs_client     = @@character_set_client */;
/*!40101 SET character_set_client = utf8 */;
CREATE TABLE `files` (
  `file_id` int(11) NOT NULL AUTO_INCREMENT,
  `nim` bigint(20) NOT NULL,
  `teacherid` bigint(20) NOT NULL,
  `file_title` varchar(30) NOT NULL,
  `file_description` text NOT NULL,
  `file_attachment` blob NOT NULL,
  `send_date` timestamp NOT NULL DEFAULT current_timestamp(),
  PRIMARY KEY (`file_id`),
  KEY `nim` (`nim`),
  KEY `teacherid` (`teacherid`),
  CONSTRAINT `files_ibfk_1` FOREIGN KEY (`nim`) REFERENCES `student` (`nim`),
  CONSTRAINT `files_ibfk_2` FOREIGN KEY (`teacherid`) REFERENCES `teacher` (`teacherid`)
) ENGINE=InnoDB AUTO_INCREMENT=29 DEFAULT CHARSET=utf8mb4;
/*!40101 SET character_set_client = @saved_cs_client */;

--
-- Dumping data for table `files`
--

LOCK TABLES `files` WRITE;
/*!40000 ALTER TABLE `files` DISABLE KEYS */;
INSERT INTO `files` VALUES (23,99325320048831,92254794233844,'asdf','asdfasdf','Vol3_No2_2.pdf','2020-12-04 13:34:19'),(25,99325320048831,92254794233844,'asdfasd','fasdfasdf','laravel.pdf','2020-12-04 13:35:09');
/*!40000 ALTER TABLE `files` ENABLE KEYS */;
UNLOCK TABLES;

--
-- Table structure for table `grades`
--

DROP TABLE IF EXISTS `grades`;
/*!40101 SET @saved_cs_client     = @@character_set_client */;
/*!40101 SET character_set_client = utf8 */;
CREATE TABLE `grades` (
  `grade_id` int(10) unsigned NOT NULL AUTO_INCREMENT,
  `grade_number` int(10) unsigned NOT NULL DEFAULT 0,
  `nim` bigint(20) NOT NULL,
  `teacherid` bigint(20) NOT NULL,
  `subjectid` int(11) NOT NULL,
  `class_grade_id` int(11) NOT NULL,
  PRIMARY KEY (`grade_id`),
  KEY `nim` (`nim`),
  KEY `teacherid` (`teacherid`),
  KEY `subjectid` (`subjectid`),
  KEY `class_grade_id` (`class_grade_id`),
  CONSTRAINT `grades_ibfk_1` FOREIGN KEY (`nim`) REFERENCES `student` (`nim`),
  CONSTRAINT `grades_ibfk_2` FOREIGN KEY (`teacherid`) REFERENCES `teacher` (`teacherid`),
  CONSTRAINT `grades_ibfk_3` FOREIGN KEY (`subjectid`) REFERENCES `subjects` (`subjectid`),
  CONSTRAINT `grades_ibfk_4` FOREIGN KEY (`class_grade_id`) REFERENCES `classes` (`class_grade`)
) ENGINE=InnoDB AUTO_INCREMENT=9 DEFAULT CHARSET=utf8mb4;
/*!40101 SET character_set_client = @saved_cs_client */;

--
-- Dumping data for table `grades`
--

LOCK TABLES `grades` WRITE;
/*!40000 ALTER TABLE `grades` DISABLE KEYS */;
INSERT INTO `grades` VALUES (1,100,9223372036854775807,43632372818789,23412,1),(2,200,83789553791438,43632372818789,73218,1),(5,300,83789553791438,43632372818789,35216,1);
/*!40000 ALTER TABLE `grades` ENABLE KEYS */;
UNLOCK TABLES;

--
-- Table structure for table `guest_login`
--

DROP TABLE IF EXISTS `guest_login`;
/*!40101 SET @saved_cs_client     = @@character_set_client */;
/*!40101 SET character_set_client = utf8 */;
CREATE TABLE `guest_login` (
  `id` int(10) unsigned NOT NULL AUTO_INCREMENT,
  `email` varchar(50) NOT NULL,
  `name` varchar(40) NOT NULL,
  `lastname` varchar(50) NOT NULL,
  `guest_id` bigint(20) NOT NULL,
  `password` text NOT NULL,
  `level` varchar(10) NOT NULL DEFAULT 'guest',
  `created_at` timestamp NOT NULL DEFAULT current_timestamp(),
  PRIMARY KEY (`id`),
  UNIQUE KEY `guest_id` (`guest_id`),
  UNIQUE KEY `guest_id_2` (`guest_id`),
  UNIQUE KEY `guest_id_3` (`guest_id`),
  UNIQUE KEY `email` (`email`),
  UNIQUE KEY `email_2` (`email`)
) ENGINE=InnoDB AUTO_INCREMENT=4 DEFAULT CHARSET=utf8mb4;
/*!40101 SET character_set_client = @saved_cs_client */;

--
-- Dumping data for table `guest_login`
--

LOCK TABLES `guest_login` WRITE;
/*!40000 ALTER TABLE `guest_login` DISABLE KEYS */;
INSERT INTO `guest_login` VALUES (1,'dyjo@mailinator.com','Lani Daniel','Hester',310381860,'$2y$10$MBmA.QU0alNNGSB.Noqn/uXzH0rPuXXPxglnIl.iM7e6eAAMdz.Bi','guest','2021-04-22 03:41:18'),(2,'guest@gmail.com','d','dd',262856591,'$2y$10$oOIg7KEGpZxjroTGLvuGA.lNBqu0nY.1OyzXQIFbJt.jgCRNyPxFW','guest','2021-04-22 03:41:54');
/*!40000 ALTER TABLE `guest_login` ENABLE KEYS */;
UNLOCK TABLES;

--
-- Table structure for table `login`
--

DROP TABLE IF EXISTS `login`;
/*!40101 SET @saved_cs_client     = @@character_set_client */;
/*!40101 SET character_set_client = utf8 */;
CREATE TABLE `login` (
  `admin_id` int(10) unsigned NOT NULL AUTO_INCREMENT,
  `admin_nim` bigint(20) NOT NULL,
  `admin_name` varchar(30) NOT NULL,
  `admin_lastname` varchar(30) DEFAULT NULL,
  `admin_email` varchar(50) NOT NULL,
  `admin_pass` text NOT NULL,
  `admin_conpass` text NOT NULL,
  `admin_image` blob DEFAULT NULL,
  `admin_level` varchar(15) DEFAULT 'admin',
  PRIMARY KEY (`admin_id`),
  UNIQUE KEY `admin_nim` (`admin_nim`)
) ENGINE=InnoDB AUTO_INCREMENT=14 DEFAULT CHARSET=utf8mb4;
/*!40101 SET character_set_client = @saved_cs_client */;

--
-- Dumping data for table `login`
--

LOCK TABLES `login` WRITE;
/*!40000 ALTER TABLE `login` DISABLE KEYS */;
INSERT INTO `login` VALUES (2,11160930000192,'Administration',NULL,'newadminy@yahoo.com','$2y$10$AlaBU3MM2EdXswOehLr1ruHL2JmE/W7akUxDOjleb/5Euky0/Qyny','$2y$10$LM/rPc.XIMRNCPMQOzxoBurxtDgOODPP1LSs/ZozbGITSTcxVWHAe','1592747020_back5.jpg','admin'),(11,11160930000120,'Saboor','Hamedi','saboorhamedi49@gmail.com','$2y$10$ry1f/9iInlTthHNIdVGTq.PT3Nh9fW5QlwOhvNiTd1NhH09dVPVJ6','$2y$10$EeL64huBmcj0z6QDFUtsDOuyJ1ZpDgXuEp7LoOu0Aw7mumiwf3jDG','1605844930-IMG_0969.JPG','admin'),(12,26748282305214,'pak Eri','Rustam','pakerirustam@gmail.com','$2y$10$xsPK02E4g76UuUWnAc3hv.a9.ZQc8FnuOusgAaeorPyDQiv8SN8em','123','1606472826-pp.jpg','admin'),(13,61068775746818,'hkl','jkh','kjhkl@gmail.com','$2y$10$EFsO0Z7iWF86QtHeBdwk2OicQH6LISBWwLqdI3kBGFanCAcbXFIX2','123','1606983194-admission activity diagram.png','admin');
/*!40000 ALTER TABLE `login` ENABLE KEYS */;
UNLOCK TABLES;

--
-- Table structure for table `parent`
--

DROP TABLE IF EXISTS `parent`;
/*!40101 SET @saved_cs_client     = @@character_set_client */;
/*!40101 SET character_set_client = utf8 */;
CREATE TABLE `parent` (
  `parent_id` int(10) unsigned NOT NULL AUTO_INCREMENT,
  `nim` bigint(20) NOT NULL,
  `family_id` int(10) unsigned NOT NULL,
  PRIMARY KEY (`parent_id`),
  KEY `nim` (`nim`),
  KEY `family_id` (`family_id`),
  CONSTRAINT `parent_ibfk_1` FOREIGN KEY (`nim`) REFERENCES `student` (`nim`) ON DELETE CASCADE ON UPDATE CASCADE,
  CONSTRAINT `parent_ibfk_2` FOREIGN KEY (`family_id`) REFERENCES `family` (`family_id`) ON DELETE CASCADE ON UPDATE CASCADE
) ENGINE=InnoDB AUTO_INCREMENT=52 DEFAULT CHARSET=utf8mb4;
/*!40101 SET character_set_client = @saved_cs_client */;

--
-- Dumping data for table `parent`
--

LOCK TABLES `parent` WRITE;
/*!40000 ALTER TABLE `parent` DISABLE KEYS */;
INSERT INTO `parent` VALUES (3,83789553791438,6),(5,47228610344221,8),(7,47228610344266,10),(8,16747873726784,11),(9,16747873726784,12),(10,99325320048831,13),(11,18793286422779,14),(12,17034213768553,15),(13,54141807378939,16),(14,62960424079990,17),(15,62498751658254,18),(16,65384502317782,19),(17,12926861659608,20),(18,84614188815285,21),(19,19654297179939,22),(20,13124286433889,23),(21,15643314587511,24),(22,32452345234521,25),(23,16469843373399,26),(24,13712226564318,27),(25,18565196249818,28),(26,12367227813729,29),(27,18933889855648,30),(28,11446431127385,31),(29,18224933851118,32),(30,27054705240581,33),(31,15756282592211,34),(32,63051738704130,35),(33,58517486632460,36),(34,58574236318147,37),(35,14604327012522,38),(36,42773036300353,39),(37,20584232423423,40),(38,82487346006071,41),(39,84574802185024,42),(40,87206712581231,43),(41,98720671258123,44),(42,98720671258111,45),(43,16328062132605,46),(44,26242752772112,47),(45,73477631735544,48),(46,47228610344232,49),(47,47228610344111,50),(48,47228610344222,51),(49,47228610344221,52),(50,47228610344229,53),(51,47228610344266,54);
/*!40000 ALTER TABLE `parent` ENABLE KEYS */;
UNLOCK TABLES;

--
-- Table structure for table `password_resets`
--

DROP TABLE IF EXISTS `password_resets`;
/*!40101 SET @saved_cs_client     = @@character_set_client */;
/*!40101 SET character_set_client = utf8 */;
CREATE TABLE `password_resets` (
  `email` varchar(255) COLLATE utf8mb4_unicode_ci NOT NULL,
  `token` varchar(255) COLLATE utf8mb4_unicode_ci NOT NULL,
  `created_at` timestamp NULL DEFAULT NULL,
  KEY `password_resets_email_index` (`email`)
) ENGINE=InnoDB DEFAULT CHARSET=utf8mb4 COLLATE=utf8mb4_unicode_ci;
/*!40101 SET character_set_client = @saved_cs_client */;

--
-- Dumping data for table `password_resets`
--

LOCK TABLES `password_resets` WRITE;
/*!40000 ALTER TABLE `password_resets` DISABLE KEYS */;
/*!40000 ALTER TABLE `password_resets` ENABLE KEYS */;
UNLOCK TABLES;

--
-- Table structure for table `post`
--

DROP TABLE IF EXISTS `post`;
/*!40101 SET @saved_cs_client     = @@character_set_client */;
/*!40101 SET character_set_client = utf8 */;
CREATE TABLE `post` (
  `id` int(11) NOT NULL AUTO_INCREMENT,
  `title` varchar(250) DEFAULT NULL,
  `content` text NOT NULL,
  `content_time` timestamp NOT NULL DEFAULT current_timestamp(),
  `author_id` bigint(20) NOT NULL,
  PRIMARY KEY (`id`),
  KEY `author_id` (`author_id`),
  CONSTRAINT `post_ibfk_1` FOREIGN KEY (`author_id`) REFERENCES `student` (`nim`) ON DELETE CASCADE ON UPDATE CASCADE
) ENGINE=InnoDB AUTO_INCREMENT=2 DEFAULT CHARSET=latin1;
/*!40101 SET character_set_client = @saved_cs_client */;

--
-- Dumping data for table `post`
--

LOCK TABLES `post` WRITE;
/*!40000 ALTER TABLE `post` DISABLE KEYS */;
INSERT INTO `post` VALUES (1,'New THML course ','<p>dsfddddddddddddddd</p><p>dsfddddddddddddddd</p><p>dsfddddddddddddddd</p><p>dsfddddddddddddddd</p>','2021-03-03 09:14:34',83789553791438);
/*!40000 ALTER TABLE `post` ENABLE KEYS */;
UNLOCK TABLES;

--
-- Table structure for table `professions`
--

DROP TABLE IF EXISTS `professions`;
/*!40101 SET @saved_cs_client     = @@character_set_client */;
/*!40101 SET character_set_client = utf8 */;
CREATE TABLE `professions` (
  `profession_id` int(11) NOT NULL AUTO_INCREMENT,
  `profession_name` varchar(30) NOT NULL,
  PRIMARY KEY (`profession_id`)
) ENGINE=InnoDB AUTO_INCREMENT=35 DEFAULT CHARSET=utf8mb4;
/*!40101 SET character_set_client = @saved_cs_client */;

--
-- Dumping data for table `professions`
--

LOCK TABLES `professions` WRITE;
/*!40000 ALTER TABLE `professions` DISABLE KEYS */;
INSERT INTO `professions` VALUES (1,'HTML'),(2,'Art\r'),(3,'Citizenship\r'),(4,' Geography\r'),(6,' History\r'),(7,'Languages (French, German, Spa'),(8,'Literacy\r'),(9,'Music\r'),(11,' Natural history\r'),(12,' Personal, social and health e'),(13,' Science\r'),(14,' Arithmetic\r'),(15,' Social Studies\r'),(16,'Reading\r'),(17,' Writing\r'),(18,'Information and communication '),(19,'Languages\r'),(20,'Mathematics\r'),(21,'Modern studies\r'),(22,'Music\r'),(23,' PE: Physical education\r'),(24,' P.S.H.E: Personal, social and'),(25,' RE: Religious education\r'),(26,' Science\r'),(27,'Study skills\r'),(28,'Physics\r'),(29,'Religion\r'),(30,'Woodwork\r'),(31,' Sociology\r'),(32,'Psychology\r'),(33,'H.ome economics\r'),(34,'Critical reading');
/*!40000 ALTER TABLE `professions` ENABLE KEYS */;
UNLOCK TABLES;

--
-- Table structure for table `recommendationletter`
--

DROP TABLE IF EXISTS `recommendationletter`;
/*!40101 SET @saved_cs_client     = @@character_set_client */;
/*!40101 SET character_set_client = utf8 */;
CREATE TABLE `recommendationletter` (
  `id` int(10) unsigned NOT NULL AUTO_INCREMENT,
  `nim` bigint(20) NOT NULL,
  `description` text NOT NULL,
  `lettertype` varchar(20) NOT NULL,
  `create_at` timestamp NOT NULL DEFAULT current_timestamp(),
  `update_at` timestamp NOT NULL DEFAULT current_timestamp(),
  PRIMARY KEY (`id`),
  KEY `nim` (`nim`),
  CONSTRAINT `recommendationletter_ibfk_1` FOREIGN KEY (`nim`) REFERENCES `student` (`nim`) ON DELETE CASCADE
) ENGINE=InnoDB AUTO_INCREMENT=6 DEFAULT CHARSET=utf8mb4;
/*!40101 SET character_set_client = @saved_cs_client */;

--
-- Dumping data for table `recommendationletter`
--

LOCK TABLES `recommendationletter` WRITE;
/*!40000 ALTER TABLE `recommendationletter` DISABLE KEYS */;
INSERT INTO `recommendationletter` VALUES (3,83789553791438,'ACM (Association for Computing Machinery)\n“world’s largest educational and scientific computing society;” focused on advancing computing as a science and a profession.\n','Manual','2021-03-08 14:28:45','2021-03-08 14:28:45');
/*!40000 ALTER TABLE `recommendationletter` ENABLE KEYS */;
UNLOCK TABLES;

--
-- Table structure for table `student`
--

DROP TABLE IF EXISTS `student`;
/*!40101 SET @saved_cs_client     = @@character_set_client */;
/*!40101 SET character_set_client = utf8 */;
CREATE TABLE `student` (
  `id` int(10) unsigned NOT NULL AUTO_INCREMENT,
  `nim` bigint(20) NOT NULL,
  `name` varchar(30) NOT NULL,
  `lastname` varchar(30) NOT NULL,
  `address` varchar(50) NOT NULL,
  `email` varchar(50) NOT NULL,
  `age` int(11) NOT NULL,
  `country` varchar(20) NOT NULL,
  `password` longtext NOT NULL,
  `conpassword` longtext NOT NULL,
  `student_level` varchar(10) DEFAULT 'student',
  `create_at` timestamp NOT NULL DEFAULT current_timestamp(),
  `update_at` timestamp NOT NULL DEFAULT current_timestamp(),
  PRIMARY KEY (`id`),
  UNIQUE KEY `nim` (`nim`)
) ENGINE=InnoDB AUTO_INCREMENT=83 DEFAULT CHARSET=utf8;
/*!40101 SET character_set_client = @saved_cs_client */;

--
-- Dumping data for table `student`
--

LOCK TABLES `student` WRITE;
/*!40000 ALTER TABLE `student` DISABLE KEYS */;
INSERT INTO `student` VALUES (1,83789553791438,'iqbal','iqbal','Indonesia','iqbal@gmail.com',12,'Afghanistan','$2y$10$MC/oRT07.kNHLCzujRKzu.wfwc67NTYdK..AV/DRdVYarjzwfnvcW','$2y$10$MC/oRT07.kNHLCzujRKzu.wfwc67NTYdK..AV/DRdVYarjzwfnvcW','student','2021-03-01 07:41:02','2021-02-22 13:00:24'),(2,99325320048831,'Liam','Emma','Amercia','liamemma@gmail.com',5,'Afghanistan','$2y$10$MC/oRT07.kNHLCzujRKzu.wfwc67NTYdK..AV/DRdVYarjzwfnvcW','$2y$10$MC/oRT07.kNHLCzujRKzu.wfwc67NTYdK..AV/DRdVYarjzwfnvcW','student','2021-03-04 21:16:30','2021-02-22 21:21:44'),(3,18793286422779,'Noah','Olivia','China','soliviachina@gmail.com',12,'Afghanistan','$2y$10$MC/oRT07.kNHLCzujRKzu.wfwc67NTYdK..AV/DRdVYarjzwfnvcW','$2y$10$MC/oRT07.kNHLCzujRKzu.wfwc67NTYdK..AV/DRdVYarjzwfnvcW','student','2021-02-26 06:36:48','2021-02-24 15:03:39'),(4,22092393858586,'James','Isabella','French','jamesIsabella@gmail.com',19,'Afghanistan','$2y$10$MC/oRT07.kNHLCzujRKzu.wfwc67NTYdK..AV/DRdVYarjzwfnvcW','$2y$10$MC/oRT07.kNHLCzujRKzu.wfwc67NTYdK..AV/DRdVYarjzwfnvcW','student','2021-02-24 12:31:49','2021-03-04 06:29:18'),(9,17034213768553,'Benjamin','Charlotte','Afghanistan','Benjamin@gmail.com',12,'Afghanistan','$2y$10$MC/oRT07.kNHLCzujRKzu.wfwc67NTYdK..AV/DRdVYarjzwfnvcW','$2y$10$MC/oRT07.kNHLCzujRKzu.wfwc67NTYdK..AV/DRdVYarjzwfnvcW','student','2021-03-07 14:06:06','2021-02-23 06:31:45'),(10,54141807378939,'Xavier','Parker','asdf','Xavier@gmail.com',17,'Afghanistan','$2y$10$MC/oRT07.kNHLCzujRKzu.wfwc67NTYdK..AV/DRdVYarjzwfnvcW','$2y$10$MC/oRT07.kNHLCzujRKzu.wfwc67NTYdK..AV/DRdVYarjzwfnvcW','student','2021-02-26 04:12:24','2021-02-25 08:27:03'),(13,62960424079990,'Sawyer','Gavin','asdfasdf','asdfasdf@gmail.com',17,'Afghanistan','$2y$10$MC/oRT07.kNHLCzujRKzu.wfwc67NTYdK..AV/DRdVYarjzwfnvcW','$2y$10$MC/oRT07.kNHLCzujRKzu.wfwc67NTYdK..AV/DRdVYarjzwfnvcW','student','2021-03-01 22:01:04','2021-03-06 17:56:12'),(14,62498751658254,'Leonardo','Kayden','asdf','sadfsad199@yahoo.com',12,'Afghanistan','$2y$10$MC/oRT07.kNHLCzujRKzu.wfwc67NTYdK..AV/DRdVYarjzwfnvcW','$2y$10$MC/oRT07.kNHLCzujRKzu.wfwc67NTYdK..AV/DRdVYarjzwfnvcW','student','2021-03-06 20:45:33','2021-03-05 11:36:05'),(15,65384502317782,'Validate','Asdf','asdfasd','alajs98@yahoo.com',16,'Afghanistan','$2y$10$MC/oRT07.kNHLCzujRKzu.wfwc67NTYdK..AV/DRdVYarjzwfnvcW','$2y$10$MC/oRT07.kNHLCzujRKzu.wfwc67NTYdK..AV/DRdVYarjzwfnvcW','student','2021-03-06 09:01:53','2021-02-26 23:28:01'),(16,12926861659608,'Name updated','aa','afghanistan','asdfas@yahoo.com',7,'Afghanistan','$2y$10$MC/oRT07.kNHLCzujRKzu.wfwc67NTYdK..AV/DRdVYarjzwfnvcW','$2y$10$MC/oRT07.kNHLCzujRKzu.wfwc67NTYdK..AV/DRdVYarjzwfnvcW','student','2021-03-03 02:10:10','2021-02-26 05:48:03'),(17,84614188815285,'Name updated','Mike','Australia','asdf72@yahoo.com',9,'Afghanistan','$2y$10$MC/oRT07.kNHLCzujRKzu.wfwc67NTYdK..AV/DRdVYarjzwfnvcW','$2y$10$MC/oRT07.kNHLCzujRKzu.wfwc67NTYdK..AV/DRdVYarjzwfnvcW','student','2021-03-02 03:02:34','2021-02-28 01:52:25'),(18,19654297179939,'Name updated','asdf','asdf','asdfasdf@gmail.com',8,'Afghanistan','$2y$10$MC/oRT07.kNHLCzujRKzu.wfwc67NTYdK..AV/DRdVYarjzwfnvcW','$2y$10$MC/oRT07.kNHLCzujRKzu.wfwc67NTYdK..AV/DRdVYarjzwfnvcW','student','2021-03-07 03:59:44','2021-02-25 11:14:08'),(23,13124286433889,'Name updated','codeigniter','asdfasdfa','asdfasdf',8,'Afghanistan','$2y$10$MC/oRT07.kNHLCzujRKzu.wfwc67NTYdK..AV/DRdVYarjzwfnvcW','$2y$10$MC/oRT07.kNHLCzujRKzu.wfwc67NTYdK..AV/DRdVYarjzwfnvcW','student','2021-03-07 06:08:18','2021-03-06 21:49:38'),(26,15643314587511,'Asher','codeigniter','asdfasdfa','asdfasdf',12,'Afghanistan','$2y$10$MC/oRT07.kNHLCzujRKzu.wfwc67NTYdK..AV/DRdVYarjzwfnvcW','$2y$10$MC/oRT07.kNHLCzujRKzu.wfwc67NTYdK..AV/DRdVYarjzwfnvcW','student','2021-03-06 13:59:42','2021-03-05 22:41:57'),(28,32452345234521,'Name updated','codeigniter','asdfasdfa','asdfasdf',8,'Afghanistan','$2y$10$MC/oRT07.kNHLCzujRKzu.wfwc67NTYdK..AV/DRdVYarjzwfnvcW','$2y$10$MC/oRT07.kNHLCzujRKzu.wfwc67NTYdK..AV/DRdVYarjzwfnvcW','student','2021-03-02 22:50:58','2021-02-28 19:17:03'),(30,16469843373399,'Name updated','codeigniter','asdfasdfa','asdfasdf',9,'Afghanistan','$2y$10$MC/oRT07.kNHLCzujRKzu.wfwc67NTYdK..AV/DRdVYarjzwfnvcW','$2y$10$MC/oRT07.kNHLCzujRKzu.wfwc67NTYdK..AV/DRdVYarjzwfnvcW','student','2021-02-28 19:33:07','2021-03-05 23:35:39'),(33,13712226564318,'Asher','asdfasd','fasdfasdf','asdfasdf',12,'Afghanistan','$2y$10$MC/oRT07.kNHLCzujRKzu.wfwc67NTYdK..AV/DRdVYarjzwfnvcW','$2y$10$MC/oRT07.kNHLCzujRKzu.wfwc67NTYdK..AV/DRdVYarjzwfnvcW','student','2021-03-01 00:30:03','2021-03-05 07:23:15'),(36,18565196249818,'Brayden','Jordan','adfasdf','asdfasdfasdf',15,'Afghanistan','$2y$10$MC/oRT07.kNHLCzujRKzu.wfwc67NTYdK..AV/DRdVYarjzwfnvcW','$2y$10$MC/oRT07.kNHLCzujRKzu.wfwc67NTYdK..AV/DRdVYarjzwfnvcW','student','2021-02-22 11:08:16','2021-02-28 09:25:34'),(44,12367227813729,'adsfasdf','asdfasd','adfasdf','asdfasdf',18,'Afghanistan','$2y$10$MC/oRT07.kNHLCzujRKzu.wfwc67NTYdK..AV/DRdVYarjzwfnvcW','$2y$10$MC/oRT07.kNHLCzujRKzu.wfwc67NTYdK..AV/DRdVYarjzwfnvcW','student','2021-03-03 01:28:32','2021-03-05 20:14:15'),(45,18933889855648,'Bryson','Dominic','asdfasdf','asdfasd',23,'Afghanistan','$2y$10$MC/oRT07.kNHLCzujRKzu.wfwc67NTYdK..AV/DRdVYarjzwfnvcW','$2y$10$MC/oRT07.kNHLCzujRKzu.wfwc67NTYdK..AV/DRdVYarjzwfnvcW','student','2021-02-23 17:15:17','2021-03-05 20:10:46'),(46,11446431127385,'Tom','Tomy','America','tom@gmail.com',12,'Afghanistan','$2y$10$MC/oRT07.kNHLCzujRKzu.wfwc67NTYdK..AV/DRdVYarjzwfnvcW','$2y$10$MC/oRT07.kNHLCzujRKzu.wfwc67NTYdK..AV/DRdVYarjzwfnvcW','student','2021-03-03 05:08:09','2021-03-03 11:27:18'),(47,18224933851118,'asdfasdf','Ian','asdfasdf','asdfasdf',12,'Afghanistan','$2y$10$MC/oRT07.kNHLCzujRKzu.wfwc67NTYdK..AV/DRdVYarjzwfnvcW','$2y$10$MC/oRT07.kNHLCzujRKzu.wfwc67NTYdK..AV/DRdVYarjzwfnvcW','student','2021-03-06 17:12:17','2021-03-05 16:00:24'),(49,16747873726784,'asdfasdf','Ian','asdfasd','asdfasd',12,'Afghanistan','$2y$10$MC/oRT07.kNHLCzujRKzu.wfwc67NTYdK..AV/DRdVYarjzwfnvcW','$2y$10$MC/oRT07.kNHLCzujRKzu.wfwc67NTYdK..AV/DRdVYarjzwfnvcW','student','2021-03-01 17:54:23','2021-02-23 16:56:19'),(50,27054705240581,'Seminar','test','test','test@gmail.com',10,'Afghanistan','$2y$10$MC/oRT07.kNHLCzujRKzu.wfwc67NTYdK..AV/DRdVYarjzwfnvcW','$2y$10$MC/oRT07.kNHLCzujRKzu.wfwc67NTYdK..AV/DRdVYarjzwfnvcW','student','2021-02-22 09:12:24','2021-02-23 07:56:33'),(51,42803670603152,'Naweed','Nazari','Kabul','naweednazari@gmail.com',10,'Afghanistan','$2y$10$MC/oRT07.kNHLCzujRKzu.wfwc67NTYdK..AV/DRdVYarjzwfnvcW','$2y$10$MC/oRT07.kNHLCzujRKzu.wfwc67NTYdK..AV/DRdVYarjzwfnvcW','student','2021-02-28 11:36:12','2021-02-23 08:10:04'),(52,15756282592211,'INSERT','INSERT','INSERT','INSERT',12,'Afghanistan','$2y$10$MC/oRT07.kNHLCzujRKzu.wfwc67NTYdK..AV/DRdVYarjzwfnvcW','$2y$10$MC/oRT07.kNHLCzujRKzu.wfwc67NTYdK..AV/DRdVYarjzwfnvcW','student','2021-02-25 01:41:12','2021-02-24 12:16:52'),(53,63051738704130,'asdfasdf','asdfasdf','asdfasdf','asdfasdf@gmail.com',15,'Afghanistan','$2y$10$MC/oRT07.kNHLCzujRKzu.wfwc67NTYdK..AV/DRdVYarjzwfnvcW','$2y$10$MC/oRT07.kNHLCzujRKzu.wfwc67NTYdK..AV/DRdVYarjzwfnvcW','student','2021-03-03 16:54:48','2021-03-02 08:10:20'),(54,58517486632460,'asdfasdf','asdfasdf','asdfasdf','asdfasdf@gmail.com',17,'Afghanistan','$2y$10$MC/oRT07.kNHLCzujRKzu.wfwc67NTYdK..AV/DRdVYarjzwfnvcW','$2y$10$MC/oRT07.kNHLCzujRKzu.wfwc67NTYdK..AV/DRdVYarjzwfnvcW','student','2021-03-05 02:47:45','2021-02-27 23:17:15'),(56,58574236318147,'Name updated','sdfasdfas','dfasdf','asdfasdfasd@gmail.com',7,'Afghanistan','$2y$10$MC/oRT07.kNHLCzujRKzu.wfwc67NTYdK..AV/DRdVYarjzwfnvcW','$2y$10$MC/oRT07.kNHLCzujRKzu.wfwc67NTYdK..AV/DRdVYarjzwfnvcW','student','2021-03-06 06:31:42','2021-02-26 15:11:28'),(57,14604327012522,'asdfasdf','asdfasdf','asdfasdf','asdfasdf@gmail.com',16,'Afghanistan','$2y$10$MC/oRT07.kNHLCzujRKzu.wfwc67NTYdK..AV/DRdVYarjzwfnvcW','$2y$10$MC/oRT07.kNHLCzujRKzu.wfwc67NTYdK..AV/DRdVYarjzwfnvcW','student','2021-03-07 19:32:40','2021-02-27 01:21:48'),(58,42773036300353,'asdfasdf','adsfasdf','asdfasdf','asdfasdh@gmail.cm',15,'Afghanistan','$2y$10$MC/oRT07.kNHLCzujRKzu.wfwc67NTYdK..AV/DRdVYarjzwfnvcW','$2y$10$MC/oRT07.kNHLCzujRKzu.wfwc67NTYdK..AV/DRdVYarjzwfnvcW','student','2021-02-26 01:25:34','2021-03-05 04:30:50'),(59,20584232423423,'asdfasdfasd','asdfasdf','asdfasdf','asdfasdf@gmail.com',19,'Afghanistan','$2y$10$MC/oRT07.kNHLCzujRKzu.wfwc67NTYdK..AV/DRdVYarjzwfnvcW','$2y$10$MC/oRT07.kNHLCzujRKzu.wfwc67NTYdK..AV/DRdVYarjzwfnvcW','student','2021-02-28 15:47:13','2021-03-06 13:44:56'),(60,82487346006071,'Name updated','asdfasdf','asdfasdf','asdfklj@gmail.cmo',9,'Afghanistan','$2y$10$MC/oRT07.kNHLCzujRKzu.wfwc67NTYdK..AV/DRdVYarjzwfnvcW','$2y$10$MC/oRT07.kNHLCzujRKzu.wfwc67NTYdK..AV/DRdVYarjzwfnvcW','student','2021-02-28 21:56:46','2021-02-23 02:28:24'),(61,84574802185024,'Asdfa','Asdfa','asdf','adsfasdf@gmail.com',18,'Afghanistan','$2y$10$MC/oRT07.kNHLCzujRKzu.wfwc67NTYdK..AV/DRdVYarjzwfnvcW','$2y$10$MC/oRT07.kNHLCzujRKzu.wfwc67NTYdK..AV/DRdVYarjzwfnvcW','student','2021-02-22 09:39:33','2021-03-03 14:23:25'),(62,87206712581231,'Asdf','Asdf','asdf','asdf@gmail.com',19,'Afghanistan','$2y$10$MC/oRT07.kNHLCzujRKzu.wfwc67NTYdK..AV/DRdVYarjzwfnvcW','$2y$10$MC/oRT07.kNHLCzujRKzu.wfwc67NTYdK..AV/DRdVYarjzwfnvcW','student','2021-03-03 01:44:49','2021-02-24 11:48:06'),(63,98720671258123,'Asdf','Asdf','asdf','asdf@gmail.com',15,'Afghanistan','$2y$10$MC/oRT07.kNHLCzujRKzu.wfwc67NTYdK..AV/DRdVYarjzwfnvcW','$2y$10$MC/oRT07.kNHLCzujRKzu.wfwc67NTYdK..AV/DRdVYarjzwfnvcW','student','2021-02-23 23:02:48','2021-03-05 11:06:28'),(64,98720671258111,'Asdf','ddddddd','asdf','asdf@gmail.com',15,'Afghanistan','$2y$10$MC/oRT07.kNHLCzujRKzu.wfwc67NTYdK..AV/DRdVYarjzwfnvcW','$2y$10$MC/oRT07.kNHLCzujRKzu.wfwc67NTYdK..AV/DRdVYarjzwfnvcW','student','2021-03-04 09:16:55','2021-03-01 15:24:15'),(65,16328062132605,'Asdf','Asdfas','adsfasdf','sdfasdf@gmail.com',12,'Afghanistan','$2y$10$MC/oRT07.kNHLCzujRKzu.wfwc67NTYdK..AV/DRdVYarjzwfnvcW','$2y$10$MC/oRT07.kNHLCzujRKzu.wfwc67NTYdK..AV/DRdVYarjzwfnvcW','student','2021-02-25 20:33:34','2021-02-25 14:58:03'),(66,26242752772112,'Ad','Adf','asdf','asfasdf@gmail.com',12,'Afghanistan','$2y$10$MC/oRT07.kNHLCzujRKzu.wfwc67NTYdK..AV/DRdVYarjzwfnvcW','$2y$10$MC/oRT07.kNHLCzujRKzu.wfwc67NTYdK..AV/DRdVYarjzwfnvcW','student','2021-02-23 22:14:29','2021-03-02 23:53:42'),(67,73477631735544,'Asdf','Asdfasdf','asdfasdf','aksdfj@gmail.com',18,'Afghanistan','$2y$10$MC/oRT07.kNHLCzujRKzu.wfwc67NTYdK..AV/DRdVYarjzwfnvcW','$2y$10$MC/oRT07.kNHLCzujRKzu.wfwc67NTYdK..AV/DRdVYarjzwfnvcW','student','2021-03-05 20:49:04','2021-02-27 21:50:33'),(68,47228610344232,'Asdf','Asdf','asdf','asdfasdf@gmail.com',19,'Afghanistan','$2y$10$MC/oRT07.kNHLCzujRKzu.wfwc67NTYdK..AV/DRdVYarjzwfnvcW','$2y$10$MC/oRT07.kNHLCzujRKzu.wfwc67NTYdK..AV/DRdVYarjzwfnvcW','student','2021-03-05 08:39:16','2021-02-24 08:47:50'),(69,47228610344111,'Asdf','Asdf','asdf','asdfasdf@gmail.com',19,'Afghanistan','$2y$10$MC/oRT07.kNHLCzujRKzu.wfwc67NTYdK..AV/DRdVYarjzwfnvcW','$2y$10$MC/oRT07.kNHLCzujRKzu.wfwc67NTYdK..AV/DRdVYarjzwfnvcW','student','2021-03-01 00:06:30','2021-03-01 21:43:44'),(78,47228610344222,'Asdf','Asdf','asdf','asdfasdf@gmail.com',19,'Afghanistan','$2y$10$MC/oRT07.kNHLCzujRKzu.wfwc67NTYdK..AV/DRdVYarjzwfnvcW','$2y$10$MC/oRT07.kNHLCzujRKzu.wfwc67NTYdK..AV/DRdVYarjzwfnvcW','student','2021-02-22 17:52:06','2021-02-26 05:31:22'),(80,47228610344221,'Asdf','Asdf','asdf','asdfasdf@gmail.com',19,'Afghanistan','$2y$10$MC/oRT07.kNHLCzujRKzu.wfwc67NTYdK..AV/DRdVYarjzwfnvcW','$2y$10$MC/oRT07.kNHLCzujRKzu.wfwc67NTYdK..AV/DRdVYarjzwfnvcW','student','2021-03-04 12:18:20','2021-03-05 05:41:50'),(81,47228610344229,'Asdf','Asdf','asdf','asdfasdf@gmail.com',19,'Afghanistan','$2y$10$MC/oRT07.kNHLCzujRKzu.wfwc67NTYdK..AV/DRdVYarjzwfnvcW','$2y$10$MC/oRT07.kNHLCzujRKzu.wfwc67NTYdK..AV/DRdVYarjzwfnvcW','student','2021-03-02 03:12:45','2021-02-23 07:11:19'),(82,47228610344266,'Asdf','Asdf','asdf','asdfasdf@gmail.com',19,'Afghanistan','$2y$10$MC/oRT07.kNHLCzujRKzu.wfwc67NTYdK..AV/DRdVYarjzwfnvcW','$2y$10$MC/oRT07.kNHLCzujRKzu.wfwc67NTYdK..AV/DRdVYarjzwfnvcW','student','2021-03-02 22:26:06','2021-02-22 14:07:15');
/*!40000 ALTER TABLE `student` ENABLE KEYS */;
UNLOCK TABLES;
ALTER DATABASE `thesis` CHARACTER SET latin1 COLLATE latin1_swedish_ci ;
/*!50003 SET @saved_cs_client      = @@character_set_client */ ;
/*!50003 SET @saved_cs_results     = @@character_set_results */ ;
/*!50003 SET @saved_col_connection = @@collation_connection */ ;
/*!50003 SET character_set_client  = cp850 */ ;
/*!50003 SET character_set_results = cp850 */ ;
/*!50003 SET collation_connection  = cp850_general_ci */ ;
/*!50003 SET @saved_sql_mode       = @@sql_mode */ ;
/*!50003 SET sql_mode              = 'STRICT_TRANS_TABLES,ERROR_FOR_DIVISION_BY_ZERO,NO_AUTO_CREATE_USER,NO_ENGINE_SUBSTITUTION' */ ;
DELIMITER ;;
/*!50003 CREATE*/ /*!50017 DEFINER=`admin`@`localhost`*/ /*!50003 TRIGGER insert_profile

    AFTER INSERT ON student

        FOR EACH ROW 

        BEGIN 

             INSERT INTO student_details (nim)

             VALUES(NEW.nim );

        END */;;
DELIMITER ;
/*!50003 SET sql_mode              = @saved_sql_mode */ ;
/*!50003 SET character_set_client  = @saved_cs_client */ ;
/*!50003 SET character_set_results = @saved_cs_results */ ;
/*!50003 SET collation_connection  = @saved_col_connection */ ;
ALTER DATABASE `thesis` CHARACTER SET utf8mb4 COLLATE utf8mb4_general_ci ;
ALTER DATABASE `thesis` CHARACTER SET latin1 COLLATE latin1_swedish_ci ;
/*!50003 SET @saved_cs_client      = @@character_set_client */ ;
/*!50003 SET @saved_cs_results     = @@character_set_results */ ;
/*!50003 SET @saved_col_connection = @@collation_connection */ ;
/*!50003 SET character_set_client  = cp850 */ ;
/*!50003 SET character_set_results = cp850 */ ;
/*!50003 SET collation_connection  = cp850_general_ci */ ;
/*!50003 SET @saved_sql_mode       = @@sql_mode */ ;
/*!50003 SET sql_mode              = 'STRICT_TRANS_TABLES,ERROR_FOR_DIVISION_BY_ZERO,NO_AUTO_CREATE_USER,NO_ENGINE_SUBSTITUTION' */ ;
DELIMITER ;;
/*!50003 CREATE*/ /*!50017 DEFINER=`admin`@`localhost`*/ /*!50003 TRIGGER insert_family_name 

     AFTER INSERT ON student

     FOR EACH ROW 

     BEGIN 

     INSERT INTO family(nim, familyname ) VALUES (new.nim, new.lastname);

     END */;;
DELIMITER ;
/*!50003 SET sql_mode              = @saved_sql_mode */ ;
/*!50003 SET character_set_client  = @saved_cs_client */ ;
/*!50003 SET character_set_results = @saved_cs_results */ ;
/*!50003 SET collation_connection  = @saved_col_connection */ ;
ALTER DATABASE `thesis` CHARACTER SET utf8mb4 COLLATE utf8mb4_general_ci ;

--
-- Table structure for table `student_details`
--

DROP TABLE IF EXISTS `student_details`;
/*!40101 SET @saved_cs_client     = @@character_set_client */;
/*!40101 SET character_set_client = utf8 */;
CREATE TABLE `student_details` (
  `id` int(11) NOT NULL AUTO_INCREMENT,
  `nim` bigint(20) DEFAULT NULL,
  `bio` text DEFAULT NULL,
  `facebook` varchar(100) DEFAULT NULL,
  `youtube` varchar(100) DEFAULT NULL,
  `instagram` varchar(100) DEFAULT NULL,
  `twitter` varchar(100) DEFAULT NULL,
  `location` varchar(100) DEFAULT NULL,
  PRIMARY KEY (`id`),
  KEY `nim` (`nim`),
  CONSTRAINT `student_details_ibfk_1` FOREIGN KEY (`nim`) REFERENCES `student` (`nim`)
) ENGINE=InnoDB AUTO_INCREMENT=28 DEFAULT CHARSET=latin1;
/*!40101 SET character_set_client = @saved_cs_client */;

--
-- Dumping data for table `student_details`
--

LOCK TABLES `student_details` WRITE;
/*!40000 ALTER TABLE `student_details` DISABLE KEYS */;
INSERT INTO `student_details` VALUES (1,83789553791438,'I\'m iqbal, majoring Information System, I\'m specialist on PHP, MySQL, SQL, HTML CSS, and a little JavaScript and jQuery','https://web.facebook.com/iqbalhussain/','https://www.youtube.com/channel/UCssGbxijAmdGv7kjw_as=subscriber','https://www.instagram.com/iqbalhussain/','','Indonesia'),(2,9223372036854775807,'Hello I\'m Liam from America','https://www.facebook.com','','','','America'),(4,22092393858586,'Hello everyone, I\'m James from America, I came here to study and I love this place wooo','','','','',''),(8,12367227813729,'','https://web.facebook.com/','https://web.youtube.com/','https://www.instagram.com/','https://twitter.com/','America'),(9,98720671258111,NULL,NULL,NULL,NULL,NULL,NULL),(10,16328062132605,NULL,NULL,NULL,NULL,NULL,NULL),(11,26242752772112,NULL,NULL,NULL,NULL,NULL,NULL),(12,73477631735544,NULL,NULL,NULL,NULL,NULL,NULL),(13,47228610344232,'asdfasdfasdf','','','','',''),(14,47228610344111,NULL,NULL,NULL,NULL,NULL,NULL),(23,47228610344222,NULL,NULL,NULL,NULL,NULL,NULL),(24,807382473145,NULL,NULL,NULL,NULL,NULL,NULL),(25,47228610344221,NULL,NULL,NULL,NULL,NULL,NULL),(26,47228610344229,NULL,NULL,NULL,NULL,NULL,NULL),(27,47228610344266,NULL,NULL,NULL,NULL,NULL,NULL);
/*!40000 ALTER TABLE `student_details` ENABLE KEYS */;
UNLOCK TABLES;

--
-- Table structure for table `studentlastlogged`
--

DROP TABLE IF EXISTS `studentlastlogged`;
/*!40101 SET @saved_cs_client     = @@character_set_client */;
/*!40101 SET character_set_client = utf8 */;
CREATE TABLE `studentlastlogged` (
  `id` int(11) NOT NULL AUTO_INCREMENT,
  `loggedtime` timestamp NOT NULL DEFAULT current_timestamp(),
  `nim` bigint(20) DEFAULT NULL,
  PRIMARY KEY (`id`),
  KEY `nim` (`nim`),
  CONSTRAINT `studentlastlogged_ibfk_1` FOREIGN KEY (`nim`) REFERENCES `student` (`nim`)
) ENGINE=InnoDB AUTO_INCREMENT=7 DEFAULT CHARSET=latin1;
/*!40101 SET character_set_client = @saved_cs_client */;

--
-- Dumping data for table `studentlastlogged`
--

LOCK TABLES `studentlastlogged` WRITE;
/*!40000 ALTER TABLE `studentlastlogged` DISABLE KEYS */;
INSERT INTO `studentlastlogged` VALUES (1,'2020-11-25 18:29:39',83789553791438),(2,'2020-11-26 02:19:25',98720671258111),(3,'2020-11-26 02:24:16',84574802185024),(4,'2020-11-26 02:58:27',47228610344232),(5,'2020-12-13 15:47:54',99325320048831),(6,'2021-03-03 09:15:52',11446431127385);
/*!40000 ALTER TABLE `studentlastlogged` ENABLE KEYS */;
UNLOCK TABLES;

--
-- Table structure for table `subjects`
--

DROP TABLE IF EXISTS `subjects`;
/*!40101 SET @saved_cs_client     = @@character_set_client */;
/*!40101 SET character_set_client = utf8 */;
CREATE TABLE `subjects` (
  `sub_id` int(10) unsigned NOT NULL AUTO_INCREMENT,
  `subjectid` int(11) NOT NULL,
  `subjectname` varchar(30) NOT NULL,
  `subjectcode` varchar(15) NOT NULL,
  PRIMARY KEY (`sub_id`),
  UNIQUE KEY `subjectid` (`subjectid`)
) ENGINE=InnoDB AUTO_INCREMENT=17 DEFAULT CHARSET=utf8mb4;
/*!40101 SET character_set_client = @saved_cs_client */;

--
-- Dumping data for table `subjects`
--

LOCK TABLES `subjects` WRITE;
/*!40000 ALTER TABLE `subjects` DISABLE KEYS */;
INSERT INTO `subjects` VALUES (1,73218,'Language Arts','L1AS'),(2,89124,'Language Arts','ALU1'),(4,23412,'History','H13D'),(5,35216,'Music','YN7U'),(6,9314,'Anthropology','L8JY'),(7,26156,'Area Studies','KTWA'),(8,11511,'Geography','TOBK'),(9,9298,'Area Studies','BGC1'),(10,54566,'Physics','6AV7'),(11,28297,'Mathematics','HTBG'),(12,30183,'Life Sciences','KLWT'),(13,5561,'Library and Museum Studies','ECUP'),(14,72186,'Gender and Sexuality Studies','4NPI'),(15,30011,'Logic','4861'),(16,25442,'Anthropology','PDXC');
/*!40000 ALTER TABLE `subjects` ENABLE KEYS */;
UNLOCK TABLES;

--
-- Table structure for table `teacher`
--

DROP TABLE IF EXISTS `teacher`;
/*!40101 SET @saved_cs_client     = @@character_set_client */;
/*!40101 SET character_set_client = utf8 */;
CREATE TABLE `teacher` (
  `tec_id` int(10) unsigned NOT NULL AUTO_INCREMENT,
  `teacherid` bigint(20) NOT NULL,
  `tname` varchar(30) NOT NULL,
  `lastname` varchar(30) NOT NULL,
  `address` varchar(70) NOT NULL,
  `country` varchar(30) NOT NULL,
  `profession` varchar(30) NOT NULL,
  `teacher_image` blob DEFAULT NULL,
  `pass` text NOT NULL,
  PRIMARY KEY (`tec_id`),
  UNIQUE KEY `teacherid` (`teacherid`)
) ENGINE=InnoDB AUTO_INCREMENT=62 DEFAULT CHARSET=utf8mb4;
/*!40101 SET character_set_client = @saved_cs_client */;

--
-- Dumping data for table `teacher`
--

LOCK TABLES `teacher` WRITE;
/*!40000 ALTER TABLE `teacher` DISABLE KEYS */;
INSERT INTO `teacher` VALUES (1,43632372818789,'Wahid','Rahimi','Kabul','Afghanistan','Language professional','','123'),(2,17352183302292,'Aahron','Seminar','Indonesia','123','English literature',NULL,'123'),(3,73401312312453,'Abrahaim','Abraham','Indonesia / Banten /Ciputat','Indonesia','Database administrator',NULL,'123'),(4,89643142801876,'Abrahame','Abrahamo','asdfasdf','asdfasd','HTML ',NULL,'123'),(5,18154898755021,'Abrahem','Abrahim','asdfasd','asdfas','HTML ',NULL,'123'),(6,47526615248432,'Abrahm','Abrahon','akjdfhj','ajksdk','HTML ',NULL,'123'),(7,80605444465409,'Master','asdf','asdfasdf','asdf','Languages (French, German, Spa',NULL,'123'),(13,42030737204174,'Hello','Aaaaa','ddd','dd','dd',NULL,'ddd'),(14,69099177388586,'I have been updated','ddd','dddd','dddd','ddd',NULL,'ddddd'),(15,34795397823220,'ttt','ttt','ttt','ttt','ttt',NULL,'ttt'),(17,64772801440232,'asdf','asdf','asdf','asdfsd','fas',NULL,'df'),(18,59350092051029,'adf','sd','asdf','asdfa','sdf',NULL,'sdf'),(19,92254794233844,'yy','yy','yy','yy','yy',NULL,'yy'),(20,83749561560103,'hh','hh','hhh','hhh','hh',NULL,'hh'),(21,91926932801454,'Update','asdf','sadf','asdf','asdf',NULL,'asdf'),(22,81066846838163,'zzzz','zzzzz','zz','zz','zz',NULL,'zz'),(23,23216118716884,'baa','baa','baa','baa','baa',NULL,'baa'),(24,50633102117110,'vvv','vvv','vvv','vvv','vvv',NULL,'vvv'),(26,28152121636563,'asd','asdf','asd','asd','adf',NULL,'adf'),(27,16531540007126,'adf','asdfa','asdf','asdf','asdf',NULL,'asdf'),(28,38635016401032,'asdfa','f','asdf','asdf','asdf',NULL,'f'),(29,15063310211710,'asdf','asdfa','sdf','asdf','asdf',NULL,'asdf'),(30,37003180416506,'asdf','adsfa','sdf','asdf','asd',NULL,'asdf'),(31,11506331021171,'load','load','load','load','load',NULL,'load'),(32,45820530160604,'asdf','sdf','sdf','sdf','sdf',NULL,'faadfasdf'),(34,12402256447111,'Hello update','Asdf','asd','asdf','asdf',NULL,'asdf'),(35,32744456284682,'asdfasdf','asdf','sdfasdfas','asdfasdf','asdfasdf',NULL,'asdfasdf'),(36,38783260050634,'asdfasdf','sdfasd','sdfasdf','asdfasdf','asdfasdf',NULL,'asdfasdf'),(37,10077248248021,'asdfasdf','sdfasdf','asd','asdfasdf','asdfasdf',NULL,'asdfasdfasdf'),(39,74216405655385,'asdfa','asdf','asdf','adsf','asdf',NULL,'adsf'),(40,30546167287573,'adf','adf','asdf','asdf','asdf',NULL,'adf'),(41,56465543217841,'asdf','asdf','asdf','asdf','asdf',NULL,'asdf'),(42,33463818527321,'asdfa','sdf','asdf','asdf','asdf',NULL,'asdf'),(43,45845467738827,'asdf','adsf','asdfa','sdf','asdf',NULL,'aaaaa'),(44,44332164521542,'asdf','asdf','asdf','asdf','asdf',NULL,'asdf'),(45,27108851235771,'adfa','dsfa','asdfa','sdf','asdfadsf',NULL,'asdf'),(52,56072142213523,'asdf','asdfas','df','asdfasdf','asdf',NULL,'asdfasdf'),(53,51630688122034,'Hello','Asdfasdf','asdfasdf','asdfasdf','asdfasdf',NULL,'asdfasdf'),(54,75683756446514,'asdfasdf','asdfasdf','adsfasd','asdfasdf','asdfasdf',NULL,'asdfasdf'),(55,62817213425052,'asdf','asdf','asdfasdf','asdfasdf','asdfasdf',NULL,'asdfasdfasdf'),(56,15817077276055,'asdfa','asdf','aasdf','asdf','asdf',NULL,'asdf'),(57,56871005568266,'asd','asdf','asdf','asdf','asdf',NULL,'sdfasdf'),(58,11764224311068,'asdf','asdf','asdf','asdf','asdfasdf',NULL,'asdf'),(59,15518143362070,'asdfasdf','fasdf','asdf','asdf','asdf',NULL,'asdfsdfasdf'),(60,31084335760364,'asdfasdf','asdfasdf','asdf','asdfasdf','asdfasdf',NULL,'asdfasdf'),(61,41373888047751,'Asdf','Asdf','df','Asdf','asdf',NULL,'asdf');
/*!40000 ALTER TABLE `teacher` ENABLE KEYS */;
UNLOCK TABLES;

--
-- Table structure for table `users`
--

DROP TABLE IF EXISTS `users`;
/*!40101 SET @saved_cs_client     = @@character_set_client */;
/*!40101 SET character_set_client = utf8 */;
CREATE TABLE `users` (
  `id` int(10) unsigned NOT NULL AUTO_INCREMENT,
  `name` varchar(50) DEFAULT NULL,
  `texts` text DEFAULT NULL,
  PRIMARY KEY (`id`)
) ENGINE=InnoDB AUTO_INCREMENT=5 DEFAULT CHARSET=utf8mb4;
/*!40101 SET character_set_client = @saved_cs_client */;

--
-- Dumping data for table `users`
--

LOCK TABLES `users` WRITE;
/*!40000 ALTER TABLE `users` DISABLE KEYS */;
INSERT INTO `users` VALUES (1,NULL,NULL),(2,NULL,NULL),(3,'Hello world',NULL),(4,NULL,'Hello world');
/*!40000 ALTER TABLE `users` ENABLE KEYS */;
UNLOCK TABLES;
/*!40103 SET TIME_ZONE=@OLD_TIME_ZONE */;

/*!40101 SET SQL_MODE=@OLD_SQL_MODE */;
/*!40014 SET FOREIGN_KEY_CHECKS=@OLD_FOREIGN_KEY_CHECKS */;
/*!40014 SET UNIQUE_CHECKS=@OLD_UNIQUE_CHECKS */;
/*!40101 SET CHARACTER_SET_CLIENT=@OLD_CHARACTER_SET_CLIENT */;
/*!40101 SET CHARACTER_SET_RESULTS=@OLD_CHARACTER_SET_RESULTS */;
/*!40101 SET COLLATION_CONNECTION=@OLD_COLLATION_CONNECTION */;
/*!40111 SET SQL_NOTES=@OLD_SQL_NOTES */;

-- Dump completed on 2021-04-22  9:42:09
